[
  {"nome":"Desenvolvedor Full Stack"},
  {"nome":"Analista de Dados"},
  {"nome":"Designer Gráfico"},
  {"nome":"Especialista em Segurança da Informação"},
  {"nome":"Estagiário em Análise de Dados"},
  {"nome":"Gerente de Projetos"},
  {"nome":"Desenvolvedor Mobile"},
  {"nome":"Cientista de Dados"},
  {"nome":"Analista de Marketing Digital"},
  {"nome":"Engenheiro de Robótica"},
  {"nome":"Analista de Suporte Técnico"},
  {"nome":"Desenvolvedor de Software"},
  {"nome":"Administrador de Banco de Dados"},
  {"nome":"Engenheiro de Testes"},
  {"nome":"Arquiteto de Soluções"},
  {"nome":"Consultor de TI"},
  {"nome":"DevOps Engineer"},
  {"nome":"Analista de Sistemas"},
  {"nome":"Programador Java"},
  {"nome":"Webmaster"},
  {"nome":"Analista de Qualidade"},
  {"nome":"Analista de Infraestrutura"},
  {"nome":"Coordenador de Tecnologia da Informação"},
  {"nome":"Engenheiro de Dados"},
  {"nome":"Desenvolvedor de APIs"},
  {"nome":"Especialista em Cloud Computing"},
  {"nome":"Administrador de Redes"},
  {"nome":"Programador Python"},
  {"nome":"Analista de Segurança da Informação"},
  {"nome":"Gestor de Projetos de TI"},
  {"nome":"Desenvolvedor Front-end"}
]