[
  {
    "nome_fantasia": "Tech Solutions",
    "razao_social": "Tech Solutions LTDA",
    "tipo": "nacional"
  },
  {
    "nome_fantasia": "Inova Tech",
    "razao_social": "Inova Tech S/A",
    "tipo": "multinacional"
  },
  {
    "nome_fantasia": "Web Creators",
    "razao_social": "Web Creators LTDA",
    "tipo": "nacional"
  },
  {
    "nome_fantasia": "Cyber Security Corp",
    "razao_social": "Cyber Security Corporation",
    "tipo": "multinacional"
  },
  {
    "nome_fantasia": "Data Analytics Ltda",
    "razao_social": "Data Analytics LTDA",
    "tipo": "nacional"
  },
  {
    "nome_fantasia": "Smart Solutions",
    "razao_social": "Smart Solutions LTDA",
    "tipo": "nacional"
  },
  {
    "nome_fantasia": "Creative Minds",
    "razao_social": "Creative Minds LTDA",
    "tipo": "nacional"
  },
  {
    "nome_fantasia": "AI Innovations",
    "razao_social": "AI Innovations S/A",
    "tipo": "multinacional"
  },
  {
    "nome_fantasia": "E-Commerce Hub",
    "razao_social": "E-Commerce Hub LTDA",
    "tipo": "nacional"
  },
  {
    "nome_fantasia": "Robotics Inc.",
    "razao_social": "Robotics Inc.",
    "tipo": "multinacional"
  },
  {
    "nome_fantasia": "NextGen Technologies",
    "razao_social": "NextGen Technologies S/A",
    "tipo": "multinacional"
  },
  {
    "nome_fantasia": "Cloud Services Ltda",
    "razao_social": "Cloud Services LTDA",
    "tipo": "nacional"
  },
  {
    "nome_fantasia": "Innovative Solutions",
    "razao_social": "Innovative Solutions S/A",
    "tipo": "multinacional"
  },
  {
    "nome_fantasia": "Digital Trends",
    "razao_social": "Digital Trends LTDA",
    "tipo": "nacional"
  },
  {
    "nome_fantasia": "Tech Vision",
    "razao_social": "Tech Vision LTDA",
    "tipo": "nacional"
  },
  {
    "nome_fantasia": "Future Network",
    "razao_social": "Future Network S/A",
    "tipo": "multinacional"
  },
  {
    "nome_fantasia": "Smart Devs",
    "razao_social": "Smart Devs LTDA",
    "tipo": "nacional"
  },
  {
    "nome_fantasia": "Systech Solutions",
    "razao_social": "Systech Solutions S/A",
    "tipo": "multinacional"
  },
  {
    "nome_fantasia": "Tech Pioneers",
    "razao_social": "Tech Pioneers LTDA",
    "tipo": "nacional"
  }
]